Start (s),End (s),Callsign,Gốc (Whisper),Đã chuẩn hóa (ICAO),Callsign_Filled,Văn bản sạch (ICAO),Văn bản sạch V3,Văn bản sạch V4
63.1,66.7,VJ1225,"VJ1225, Tower, continue approach, runway 25L.","VJ1225, Tower, continue approach, runway 25L.",VJ1225,"VJ1225, Tower, continue approach, runway 25L.","VJ1225, Tower, continue approach, runway 25L.","VJ1225, Tower, continue approach, runway 25L."
108.6,111.8,VN309,"VN309, VN9079, vacate left by Papa 5, QNH, runway 25L.","VN309, VN9079, vacate left by Papa 5, QNH, runway 25L.",VN309,"VN309, VN9079, vacate left by Papa 5, QNH, runway 25L.","VN309, VN9079, vacate left by Papa 5, QNH, runway 25L.","VN309, VN9079, vacate left by Papa 5, QNH, runway 25L."
112.5,137.3,VJ3907,"Vacate Papa 5 from runway 25L, VJ3907.","Vacate Papa 5 from runway 25L, VJ3907.",VJ3907,"Vacate Papa 5 from runway 25L, VJ3907.","Vacate Papa 5 from runway 25L, VJ3907.","Vacate Papa 5 from runway 25L, VJ3907."
138.1,142.6,VN225,"VN225, wind 310 degrees to north, runway 25R, little land.","VN225, wind 310 degrees 3 knots, runway 25R, cleared to land.",VN225,"VN225, wind 310 degrees 3 knots, runway 25R, cleared to land.","VN225, wind 310 degrees 3 knots, runway 25R, cleared to land.","VN225, wind 310 degrees 3 knots, runway 25R, cleared to land."
161.5,165.7,VN3909,"VN3909, turn left on Sierra, taxiway, contact ground 121.9.","VN3909, turn left on Sierra, taxiway, contact ground 121.9.",VN3909,"VN3909, turn left on Sierra, taxiway, contact ground 121.9.","VN3909, turn left on Sierra, taxiway, contact Ground 121.9.","VN3909, turn left on Sierra, taxiway, contact Ground 121.9."
180.4,183.2,VN1628,"VN1628, Tower, line up and wait, runway 25L.","VN1628, Tower, line up and wait, runway 25L.",VN1628,"VN1628, Tower, line up and wait, runway 25L.","VN1628, Tower, line up and wait, runway 25L.","VN1628, Tower, line up and wait, runway 25L."
183.2,190.2,VJ1628,"Project 1628, confirm ready.","VJ1628, confirm ready.",VJ1628,"VJ1628, confirm ready.","VJ1628, confirm ready.","VJ1628, confirm ready."
190.2,195.3,N/A,Now line up and wait for runway 25L.,Now line up and wait for runway 25L.,VJ1628,Now line up and wait for runway 25L.,Now line up and wait for runway 25L.,Now line up and wait for runway 25L.
195.3,270.3,VJ1628,"Project 1628, wind 290 degrees to north, runway 25L, cleared for takeoff.","VJ1628, wind 290 degrees 3 knots, runway 25L, cleared for takeoff.",VJ1628,"VJ1628, wind 290 degrees 3 knots, runway 25L, cleared for takeoff.","VJ1628, wind 290 degrees 3 knots, runway 25L, cleared for takeoff.","VJ1628, wind 290 degrees 3 knots, runway 25L, cleared for takeoff."
271.4,275.1,N/A,"Cleared for take off, right away.","Cleared for take off, right away.",VJ1628,"Cleared for take off, right away.","Cleared for take off, right away.","Cleared for take off, right away."
275.1,279.1,N/A,"Vietnam 7057 tower continue approach, runway 25Y.","Vietnam 7057 tower continue approach, runway 25L.",VJ1628,"Vietnam 7057 tower continue approach, runway 25L.","Vietnam 7057 tower continue approach, runway 25L.","Vietnam 7057 tower continue approach, runway 25L."
281.1,319.4,N/A,"Vietnam 7057, wind 210 degree to north, runway 25Y, cleared for land.","Vietnam 7057, wind 210 degrees 3 knots, runway 25L, cleared for land.",VJ1628,"Vietnam 7057, wind 210 degrees 3 knots, runway 25L, cleared for land.","Vietnam 7057, wind 210 degrees 3 knots, runway 25L, cleared for land.","Vietnam 7057, wind 210 degrees 3 knots, runway 25L, cleared for land."
335.3,336.3,N/A,Approach runway 25L.,Approach runway 25L.,VJ1628,Approach runway 25L.,Approach runway 25L.,Approach runway 25L.
336.3,359.1,VJ1628,"VHF 1628, contact terminal 125.5","VJ1628, contact terminal 125.5",VJ1628,"VJ1628, contact terminal 125.5","VJ1628, contact Terminal 125.5","VJ1628, contact Terminal 125.5"
359.1,364.4,N/A,125.58,Terminal 125.5,VJ1628,Terminal 125.5,125.5,125.5
364.4,376.1,N/A,Good day sir,Good day sir,VJ1628,Good day sir,Good day sir,Good day sir
376.1,378.1,N/A,Contact Terminal 125.5,Contact Terminal 125.5,VJ1628,Contact Terminal 125.5,contact Terminal 125.5,contact Terminal 125.5
378.1,381.3,N/A,"Sorry, 125...","Sorry, 125...",VJ1628,"Sorry, 125...","Sorry, 125...","Sorry, 125..."
381.3,384.3,VJ1225,"VHF 1225 turn left from Seat Air Taxiway, contact where?","VJ1225 turn left from Taxiway Charlie, contact Ground 121.9?",VJ1225,"VJ1225 turn left from Taxiway Charlie, contact Ground 121.9?","VJ1225 turn left from Taxiway Charlie, contact Ground 121.9?","VJ1225 turn left from Taxiway Charlie, contact Ground 121.9?"
384.3,386.3,N/A,121.9,121.9,VJ1225,121.9,121.9,121.9
386.3,412.0,N/A,LH1540 tower line up and approach runway 25L,LH1540 tower line up and approach runway 25L,VJ1225,LH1540 tower line up and approach runway 25L,LH1540 tower line up and approach runway 25L,LH1540 tower line up and approach runway 25L
412.0,418.4,N/A,Vietnam 9078 Tower,Vietnam 9078 Tower,VJ1225,Vietnam 9078 Tower,Vietnam 9078 Tower,Vietnam 9078 Tower
418.4,427.8,N/A,Vietnam 9078 Tower continue approach runway 25R,Vietnam 9078 Tower continue approach runway 25R,VJ1225,Vietnam 9078 Tower continue approach runway 25R,Vietnam 9078 Tower continue approach runway 25R,Vietnam 9078 Tower continue approach runway 25R
427.8,548.2,VN7057,"VN7057, turn left from Sierra Taxiway, contact Rail 121.","VN7057, turn left from Sierra Taxiway, contact Ground 121.9.",VN7057,"VN7057, turn left from Sierra Taxiway, contact Ground 121.9.","VN7057, turn left from Sierra Taxiway, contact Ground 121.9.","VN7057, turn left from Sierra Taxiway, contact Ground 121.9."
548.2,549.5,N/A,"Left turn Sierra, 1-2-1.","Left turn Sierra, 1-2-1.",VN7057,"turn left on Sierra, 1-2-1.","Left turn Sierra, 1-2-1.","Left turn Sierra, 1-2-1."
549.6,584.4,N/A,"2-1-5-4-0, wind 2-9-0, degree 3 north, runway 25 left, cleared for takeoff.","2-1-5-4-0, wind 2-9-0, degree 3 north, runway 25 left, cleared for takeoff.",VN7057,"2-1-5-4-0, wind 2-9-0, degrees 3 knots, runway 25 left, cleared for takeoff.","2-1-5-4-0, wind 2-9-0, degree 3 north, runway 25L, cleared for takeoff.","2-1-5-4-0, wind 2-9-0, degree 3 north, runway 25L, cleared for takeoff."
595.2,598.1,VJ6,"Projector 6-0 tower, line up and wait, runway 25 left.","VJ6-0 tower, line up and wait, runway 25 left.",VJ6,"VJ6-0 tower, line up and wait, runway 25 left.","VJ60 tower, line up and wait, runway 25L.","VJ60 tower, line up and wait, runway 25L."
598.6,600.8,VJ6,"Line up and wait, runway 25 left, projector 6-0.","Line up and wait, runway 25 left, VJ6-0.",VJ6,"Line up and wait, runway 25 left, VJ6-0.","Line up and wait, runway 25L, VJ60.","Line up and wait, runway 25L, VJ60."
602.7,644.1,N/A,"7-8-7-9-0 tower, 7-8-7-9-0 tower, 7-8 cross, runway 25 left, 7-8-7-9-0 tower.","7-8-7-9-0 tower, 7-8-7-9-0 tower, 7-8 cross, runway 25 left, 7-8-7-9-0 tower.",VJ6,"7-8-7-9-0 tower, 7-8-7-9-0 tower, 7-8 cross, runway 25 left, 7-8-7-9-0 tower.","7-8-7-9-0 tower, 7-8-7-9-0 tower, 7-8 cross, runway 25L, 7-8-7-9-0 tower.","7-8-7-9-0 tower, 7-8-7-9-0 tower, 7-8 cross, runway 25L, 7-8-7-9-0 tower."
654.8,659.5,N/A,"7-8-7-9-0, wind 3-1-0, degree 3 north, runway 25 right, cleared to land.","7-8-7-9-0, wind 3-1-0, degree 3 north, runway 25 right, cleared to land.",VJ6,"7-8-7-9-0, wind 3-1-0, degrees 3 knots, runway 25 right, cleared to land.","7-8-7-9-0, wind 3-1-0, degree 3 north, runway 25R, cleared to land.","7-8-7-9-0, wind 3-1-0, degree 3 north, runway 25R, cleared to land."
659.5,668.0,JAPAN AIR 7,"Japan Air 7-9, cleared to land runway 255.","Japan Air 7-9, cleared to land runway 25R.",JAPAN AIR 7,"Japan Air 7-9, cleared to land runway 25R.","Japan Air 7-9, cleared to land runway 25R.","Japan Air 7-9, cleared to land runway 25R."
677.9,681.9,N/A,"Vietnam Air 7-8, telephone clear air taxiway, contact runway 121.","Vietnam Air 7-8, vacate runway taxiway, contact runway 121.",JAPAN AIR 7,"Vietnam Air 7-8, vacate runway taxiway, contact runway 121.","Vietnam Air 7-8, telephone clear air taxiway, contact runway 121.","Vietnam Air 7-8, vacate runway, contact Ground 121.9."
684.2,706.1,N/A,"129, Vietnam Air","129, Vietnam Air",JAPAN AIR 7,"129, Vietnam Air","129, Vietnam Air","129, Vietnam Air"
711.8,714.8,N/A,"Number 1540, contact terminal 125.5","Number 1540, contact terminal 125.5",JAPAN AIR 7,"Number 1540, contact terminal 125.5","Number 1540, contact Terminal 125.5","Number 1540, contact Terminal 125.5"
717.1,722.3,JAPAN AIR 7,"Japan Air 7-9, maintain runway heading, climb to 2000 feet","Japan Air 7-9, maintain runway heading, climb to 2000 feet",JAPAN AIR 7,"Japan Air 7-9, maintain runway heading, climb to 2000 feet","Japan Air 7-9, maintain runway heading, climb to 2000 feet","Japan Air 7-9, maintain runway heading, climb to 2000 feet"
723.6,727.4,N/A,Maintain runway heading...,Maintain runway heading...,JAPAN AIR 7,Maintain runway heading...,Maintain runway heading...,Maintain runway heading...
728.4,729.4,N/A,...contact 125.5,...contact 125.5,JAPAN AIR 7,...contact 125.5,...contact 125.5,...contact 125.5
739.1,742.1,JAPAN AIR 7,"Japan Air 7-9, maintain 2000, contact 125.5","Japan Air 7-9, maintain 2000, contact 125.5",JAPAN AIR 7,"Japan Air 7-9, maintain 2000, contact 125.5","Japan Air 7-9, maintain 2000, contact 125.5","Japan Air 7-9, maintain 2000, contact 125.5"
742.1,767.8,N/A,"J122 tower, hold shutoff runway 25L.","J122 tower, hold short of runway 25L.",JAPAN AIR 7,"J122 tower, hold short of runway 25L.","J122 tower, hold short of runway 25L.","J122 tower, hold short of runway 25L."
767.8,804.2,N/A,Vietnam 30 tower continue approach runway 25R.,Vietnam 30 tower continue approach runway 25R.,JAPAN AIR 7,Vietnam 30 tower continue approach runway 25R.,Vietnam 30 tower continue approach runway 25R.,Vietnam 30 tower continue approach runway 25R.
804.2,834.5,N/A,"Vietnam 18901 tower, hold shut off runway 25L.","Vietnam 18901 tower, hold short of runway 25L.",JAPAN AIR 7,"Vietnam 18901 tower, hold short of runway 25L.","Vietnam 18901 tower, hold short of runway 25L.","Vietnam 18901 tower, hold short of runway 25L."
834.5,841.8,N/A,"Hold shutoff runway 25L, Vietnam 19...","hold short of runway 25L, Vietnam 19...",JAPAN AIR 7,"hold short of runway 25L, Vietnam 19...","hold short of runway 25L, Vietnam 19...","hold short of runway 25L, Vietnam 19..."
841.8,846.8,VJ260,"Project 260 wind 320 degree 4N, runway 25L please protect up.","VJ260 wind 320 degree 4N, runway 25L expedite departure.",VJ260,"VJ260 wind 320 degrees 4 knots, runway 25L expedite departure.","VJ260 wind 320 degrees 4 knots, runway 25L please protect up.","VJ260 wind 320 degrees 4 knots, runway 25L expedite departure."
846.8,849.8,VJ260,"Please protect up runway 25L, project 260.","expedite departure runway 25L, VJ260.",VJ260,"expedite departure runway 25L, VJ260.","Please protect up runway 25L, VJ260.","expedite departure runway 25L, VJ260."
849.8,880.6,N/A,"Vietnam 30 wind 310 degree 2N, runway 25R cleared to land.","Vietnam 30 wind 310 degree 2N, runway 25R cleared to land.",VJ260,"Vietnam 30 wind 310 degrees 2 knots, runway 25R cleared to land.","Vietnam 30 wind 310 degrees 2 knots, runway 25R cleared to land.","Vietnam 30 wind 310 degrees 2 knots, runway 25R cleared to land."
880.6,893.6,N/A,"Sunway T-25L, Viet Nam PHO","Sunway T-25L, Viet Nam PHO",VJ260,"runway 25L, Viet Nam PHO","Sunway T-25L, Viet Nam PHO","runway 25L, Vietnam"
893.6,896.6,VJ122,"Project 122, line up and approach runway 25L","VJ122, line up and approach runway 25L",VJ122,"VJ122, line up and approach runway 25L","VJ122, line up and approach runway 25L","VJ122, line up and approach runway 25L"
896.6,926.1,VJ260,"Project 260, contact terminal 125.5","VJ260, contact terminal 125.5",VJ260,"VJ260, contact terminal 125.5","VJ260, contact Terminal 125.5","VJ260, contact Terminal 125.5"
926.1,977.6,VJ260,"125.5, vector 260, bye bye, good day","125.5, VJ260, bye bye, good day",VJ260,"125.5, VJ260, bye bye, good day","125.5, VJ260, bye bye, good day","125.5, VJ260, bye bye, good day"
977.6,980.6,VJ5194,"Project 5194, tower continue approaching runway 25L","VJ5194, tower continue approaching runway 25L",VJ5194,"VJ5194, tower continue approaching runway 25L","VJ5194, tower continue approaching runway 25L","VJ5194, tower continue approaching runway 25L"
980.6,983.6,N/A,Continue approach 35194,Continue approach 35194,VJ5194,Continue approach 35194,Continue approach 35194,Continue approach 35194
1004.2,1009.2,VJ122,"Project 122, wind 310 degrees 30 knots, runway 25L cleared for takeoff","VJ122, wind 310 degrees 30 knots, runway 25L cleared for takeoff",VJ122,"VJ122, wind 310 degrees 30 knots, runway 25L cleared for takeoff","VJ122, wind 310 degrees 30 knots, runway 25L cleared for takeoff","VJ122, wind 310 degrees 30 knots, runway 25L cleared for takeoff"
1009.2,1011.2,N/A,Cleared for take off,Cleared for take off,VJ122,Cleared for take off,Cleared for take off,Cleared for take off
1011.2,1061.9,VN1904,"VN1904, wind 210°, 3 knots, runway 25R, cleared to land.","VN1904, wind 210°, 3 knots, runway 25R, cleared to land.",VN1904,"VN1904, wind 210°, 3 knots, runway 25R, cleared to land.","VN1904, wind 210°, 3 knots, runway 25R, cleared to land.","VN1904, wind 210°, 3 knots, runway 25R, cleared to land."
1061.9,1064.9,N/A,"Vietnam 1891, line up and wait, runway 25L.","Vietnam 1891, line up and wait, runway 25L.",VN1904,"Vietnam 1891, line up and wait, runway 25L.","Vietnam 1891, line up and wait, runway 25L.","Vietnam 1891, line up and wait, runway 25L."
1064.9,1068.3,N/A,LINE UP AND WAIT!,LINE UP AND WAIT!,VN1904,LINE UP AND WAIT!,LINE UP AND WAIT!,LINE UP AND WAIT!
1068.3,1070.3,N/A,"Vietnam 30, cross, runway 25L.","Vietnam 30, cross, runway 25L.",VN1904,"Vietnam 30, cross, runway 25L.","Vietnam 30, cross, runway 25L.","Vietnam 30, cross, runway 25L."
1070.3,1072.3,N/A,"Roger 5L, Vietnam 30.","Roger 5L, Vietnam 30.",VN1904,"Roger 5L, Vietnam 30.","Roger 5L, Vietnam 30.","Roger 5L, Vietnam 30."
1072.3,1081.7,VN122,"VN122, contact terminal 125.5","VN122, contact terminal 125.5",VN122,"VN122, contact terminal 125.5","VN122, contact Terminal 125.5","VN122, contact Terminal 125.5"
1094.7,1098.7,N/A,"Vietnam 30, turn left on CTA taxiway, contact air 121.9","Vietnam 30, turn left on Taxiway Charlie, contact Ground 121.9",VN122,"Vietnam 30, turn left on Taxiway Charlie, contact Ground 121.9","Vietnam 30, turn left on Taxiway Charlie, contact Ground 121.9","Vietnam 30, turn left on Taxiway Charlie, contact Ground 121.9"
1159.5,1162.5,N/A,"Vietnam 7460, tower hold short of, runway 25L","Vietnam 7460, tower hold short of, runway 25L",VN122,"Vietnam 7460, tower hold short of, runway 25L","Vietnam 7460, tower hold short of, runway 25L","Vietnam 7460, tower hold short of, runway 25L"
1162.5,1191.6,VN1A901,"VN1A901, wind 310 degree 4 knots, runway 25L, cleared for takeoff.","VN1A901, wind 310 degree 4 knots, runway 25L, cleared for takeoff.",VN1A901,"VN1A901, wind 310 degree 4 knots, runway 25L, cleared for takeoff.","VN1A901, wind 310 degree 4 knots, runway 25L, cleared for takeoff.","VN1A901, wind 310 degree 4 knots, runway 25L, cleared for takeoff."
1192.6,1219.4,VN7460,"VN7460, line up and wait, runway 25L.","VN7460, line up and wait, runway 25L.",VN7460,"VN7460, line up and wait, runway 25L.","VN7460, line up and wait, runway 25L.","VN7460, line up and wait, runway 25L."
1220.4,1243.8,N/A,"FedEx 5194, turn left, pop-up 5, cross, runway 25L.","FedEx 5194, turn left, Papa 5, cross, runway 25L.",VN7460,"FedEx 5194, turn left, Papa 5, cross, runway 25L.","FedEx 5194, turn left, Papa 5, cross, runway 25L.","FedEx 5194, turn left, Papa 5, cross, runway 25L."
1245.4,1249.4,N/A,"Left turn, pop-up 5, cross, 25L, FedEx 5194.","Left turn, Papa 5, cross, 25L, FedEx 5194.",VN7460,"Left turn, Papa 5, cross, 25L, FedEx 5194.","Left turn, Papa 5, cross, 25L, FedEx 5194.","Left turn, Papa 5, cross, 25L, FedEx 5194."
1250.8,1253.8,VN18901,"VN18901, contact terminal 125, descend 15.","VN18901, contact Terminal 125.5.",VN18901,"VN18901, contact Terminal 125.5.","VN18901, contact Terminal 125.5.","VN18901, contact Terminal 125.5."
1253.8,1255.7,N/A,1-2-5-5 Vietnam 1 at 9.,1-2-5-5 Vietnam 1 at 9.,VN18901,1-2-5-5 Vietnam 1 at 9.,1-2-5-5 Vietnam 1 at 9.,1-2-5-5 Vietnam 1 at 9.
1280.6,1283.3,FDX302,"FDX 302 tower, hold short of runway 2F left.","FDX302 tower, hold short of runway 25L.",FDX302,"FDX 302 tower, hold short of runway 25L.","FDX 302 tower, hold short of runway 25L.","FDX 302 tower, hold short of runway 25L."
1283.8,1284.5,N/A,Hold short to FDX.,Hold short to FDX.,FDX302,Hold short to FDX.,Hold short to FDX.,Hold short to FDX.
1305.5,1310.1,FDX5194,FDX 5194 turn left on Sierra Taxiway contact where 121.9.,FDX5194 turn left on Sierra Taxiway contact Ground 121.9 121.9.,FDX5194,FDX 5194 turn left on Sierra Taxiway contact Ground 121.9 121.9.,FDX 5194 turn left on Sierra Taxiway contact Ground 121.9 121.9.,FDX 5194 turn left on Sierra Taxiway contact Ground 121.9 121.9.
1311.0,1314.9,FDX5194,121.9 left turn Sierra FDX 5194.,121.9 left turn Sierra FDX5194.,FDX5194,121.9 turn left on Sierra FDX 5194.,121.9 left turn Sierra FDX 5194.,121.9 left turn Sierra FDX 5194.
1392.7,1397.5,FDX74060,"FDX 74060 wind 310 degree 4 north, runway 2F left, cleared for takeoff.","FDX74060 wind 310 degrees 4 knots, runway 25L, cleared for takeoff.",FDX74060,"FDX 74060 wind 310 degrees 4 knots, runway 25L, cleared for takeoff.","FDX 74060 wind 310 degree 4 north, runway 25L, cleared for takeoff.","FDX 74060 wind 310 degree 4 north, runway 25L, cleared for takeoff."
1415.7,1418.2,FDX302,FDX 302 line up and wait runway 2F left.,FDX302 line up and wait runway 25L.,FDX302,FDX 302 line up and wait runway 25L.,FDX 302 line up and wait runway 25L.,FDX 302 line up and wait runway 25L.
1418.6,1419.7,N/A,Line up and wait runway 2F.,Line up and wait runway 2F.,FDX302,Line up and wait runway 2F.,Line up and wait runway 25L.,Line up and wait runway 25L.
1457.8,1461.2,FDX74060,FDX 74060 contact terminal 125.5.,FDX74060 contact terminal 125.5.,FDX74060,FDX 74060 contact terminal 125.5.,FDX 74060 contact Terminal 125.5.,FDX 74060 contact Terminal 125.5.
1491.0,1495.8,VJ302,"Project 302, wind 300 degree 4 knots, runway 25 left, cleared for takeoff.","VJ302, wind 300 degree 4 knots, runway 25 left, cleared for takeoff.",VJ302,"VJ302, wind 300 degree 4 knots, runway 25 left, cleared for takeoff.","VJ302, wind 300 degree 4 knots, runway 25L, cleared for takeoff.","VJ302, wind 300 degree 4 knots, runway 25L, cleared for takeoff."
1496.2,1499.8,VJ302,"Left, project 302.","Left, VJ302.",VJ302,"Left, VJ302.","Left, VJ302.","Left, VJ302."
1569.5,1580.5,JAPAN AIR 790,"Japan Air 790, Tung Suoc Tower.","Japan Air 790, Tân Sơn Nhất Tower.",JAPAN AIR 790,"Japan Air 790, Tung Suoc Tower.","Japan Air 790, Tung Suoc Tower.","Japan Air 790, Tung Suoc Tower."
1589.3,1594.1,JAPAN AIR 790,"Japan Air 790, wind 300 degree 2 knots, runway 25 right, cleared to land.","Japan Air 790, wind 300 degree 2 knots, runway 25 right, cleared to land.",JAPAN AIR 790,"Japan Air 790, wind 300 degree 2 knots, runway 25 right, cleared to land.","Japan Air 790, wind 300 degree 2 knots, runway 25R, cleared to land.","Japan Air 790, wind 300 degree 2 knots, runway 25R, cleared to land."
1601.2,1604.3,VJ302,"Project 302, contact terminal 125, Desomo 5.","VJ302, contact Terminal 125.5.",VJ302,"VJ302, contact Terminal 125.5.","VJ302, contact Terminal 125.5.","VJ302, contact Terminal 125.5."
1604.8,1625.7,N/A,"5-5, roger, 30...","5-5, roger, 30...",VJ302,"5-5, roger, 30...","5-5, roger, 30...","5-5, roger, 30..."
1625.7,1628.4,N/A,Surface wind 290 degree 2 knots.,Surface wind 290 degree 2 knots.,VJ302,Surface wind 290 degree 2 knots.,Surface wind 290 degree 2 knots.,Surface wind 290 degree 2 knots.
1718.2,1720.8,VJ124,"Project 124 tower, line up and wait, runway 25 left.","VJ124 tower, line up and wait, runway 25 left.",VJ124,"VJ124 tower, line up and wait, runway 25 left.","VJ124 tower, line up and wait, runway 25L.","VJ124 tower, line up and wait, runway 25L."
1720.8,1775.4,BAV1802,"PHA 1802 tower, continue approach runway 25R.","BAV1802 tower, continue approach runway 25R.",BAV1802,"BAV1802 tower, continue approach runway 25R.","BAV1802 tower, continue approach runway 25R.","BAV1802 tower, continue approach runway 25R."
1775.4,1791.6,BAV1802,"Continue approach 25R, PHA 1802.","Continue approach 25R, BAV1802.",BAV1802,"Continue approach 25R, BAV1802.","Continue approach 25R, BAV1802.","Continue approach 25R, BAV1802."
1791.6,1795.6,JAPAN AIR 790,"Japan Air 790, forget left flight 336, cross runway 25L.","Japan Air 790, vacate left, cross runway 25L.",JAPAN AIR 790,"Japan Air 790, vacate left 336, cross runway 25L.","Japan Air 790, forget left flight 336, cross runway 25L.","Japan Air 790, vacate left 336, cross runway 25L."
