kind	icao	iata	telephony	spoken_en	spoken_vi	aliases	source	country	confidence
airline	HVN	VN	VIET NAM	Viet Nam	Việt Nam	vietnam,viet nam airlines,vietnam airlines,hv n,VN,HVN,VIET NAM	airline2026; rà soát 2026-09-18. Passenger; Active; tin cậy High. Ví dụ: VIET NAM ONE TWO THREE. https://www.icao.int/operational-safety/Designators-and-indicators	Việt Nam	High
airline	VJC	VJ	VIETJET	Vietjet	Việt Jet	viet jet,vietjet air,viet jet air,charlie jet,vee jet,v j c,VJ,VJC,VIETJETAIR,VIETJET	airline2026; rà soát 2026-09-18. Passenger; Active; tin cậy High. Ví dụ: VIETJET ONE TWO THREE. https://www.icao.int/operational-safety/Designators-and-indicators	Việt Nam	High
airline	BAV	QH	BAMBOO	Bamboo	Bamboo	bamboo airways,bam boo,qh,BAV,BAMBOO	airline2026; rà soát 2026-09-18. Passenger; Active; tin cậy High. Ví dụ: BAMBOO ONE TWO THREE. https://www.icao.int/operational-safety/Designators-and-indicators	Việt Nam	High
airline	VAG	VU	VIETRAVEL	Vietravel	Vietravel	viet travel,vietravel air,vu,Vietravel Airlines,VAG,VIETRAVEL	airline2026; rà soát 2026-09-18. Passenger; Active; tin cậy High. Ví dụ: VIETRAVEL ONE TWO THREE. https://www.icao.int/operational-safety/Designators-and-indicators	Việt Nam	High
airline	PIC	BL	PACIFIC	Pacific	Pacific	pacific airlines,jetstar pacific,bl,PIC,PACIFIC	airline2026; rà soát 2026-09-18. Passenger; Active; tin cậy High. Ví dụ: PACIFIC ONE TWO THREE. https://www.icao.int/operational-safety/Designators-and-indicators	Việt Nam	High
airline	VFC	0V	VASCO	Vasco	Vasco	vasco air,vasco,0V,VFC	airline2026; rà soát 2026-09-18. Passenger; Active; tin cậy High. Ví dụ: VASCO ONE TWO THREE. https://www.icao.int/operational-safety/Designators-and-indicators	Việt Nam	High
airline	SPQ	9G	SUN LUX	Sun Lux	Sun Phú Quốc	sun phu quoc,sun lux,phu quoc air,Sun PhuQuoc Airways,9G,SPQ,SUN PHUQUOC	airline2026; rà soát 2026-09-18. Passenger; Active / verify telephony before operational use; tin cậy Medium. Ví dụ: SUN LUX ONE TWO THREE. https://www.icao.int/operational-safety/Designators-and-indicators	Việt Nam	Medium
airline	AXM	AK	RED CAP	Red Cap	AirAsia	AirAsia,AK,AXM,RED CAP	airline2026; rà soát 2026-09-18. Passenger; Active; tin cậy High. Ví dụ: RED CAP ONE TWO THREE. https://www.icao.int/operational-safety/Designators-and-indicators	Malaysia	High
airline	MXD	OD	MALINDO	Malindo	Batik Air Malaysia	Batik Air Malaysia,OD,MXD,MALINDO	airline2026; rà soát 2026-09-18. Passenger; Active; tin cậy High. Ví dụ: MALINDO ONE TWO THREE. https://www.icao.int/operational-safety/Designators-and-indicators	Malaysia	High
airline	MAS	MH	MALAYSIAN	Malaysian	Malaysia Airlines	Malaysia Airlines,MH,MAS,MALAYSIAN	airline2026; rà soát 2026-09-18. Passenger; Active; tin cậy High. Ví dụ: MALAYSIAN ONE TWO THREE. https://www.icao.int/operational-safety/Designators-and-indicators	Malaysia	High
airline	SIA	SQ	SINGAPORE	Singapore	Singapore Airlines	Singapore Airlines,SQ,SIA,SINGAPORE	airline2026; rà soát 2026-09-18. Passenger; Active; tin cậy High. Ví dụ: SINGAPORE ONE TWO THREE. https://www.icao.int/operational-safety/Designators-and-indicators	Singapore	High
airline	TGW	TR	SCOOTER	Scooter	Scoot	Scoot,TR,TGW,SCOOTER	airline2026; rà soát 2026-09-18. Passenger; Active; tin cậy High. Ví dụ: SCOOTER ONE TWO THREE. https://www.icao.int/operational-safety/Designators-and-indicators	Singapore	High
airline	THA	TG	THAI	Thai	Thai Airways	Thai Airways,TG,THA,THAI	airline2026; rà soát 2026-09-18. Passenger; Active; tin cậy High. Ví dụ: THAI ONE TWO THREE. https://www.icao.int/operational-safety/Designators-and-indicators	Thái Lan	High
airline	AIQ	FD	THAI ASIA	Thai Asia	Thai AirAsia	Thai AirAsia,FD,AIQ,THAI ASIA	airline2026; rà soát 2026-09-18. Passenger; Active; tin cậy High. Ví dụ: THAI ASIA ONE TWO THREE. https://www.icao.int/operational-safety/Designators-and-indicators	Thái Lan	High
airline	TVJ	VZ	THAI VIETJET	Thai Vietjet	Thai Vietjet	thai viet jet,thaiviet jet,Thai Vietjet Air,VZ,TVJ,THAI VIETJET	airline2026; rà soát 2026-09-18. Passenger; Active; tin cậy High. Ví dụ: THAI VIETJET ONE TWO THREE. https://www.icao.int/operational-safety/Designators-and-indicators	Thái Lan	High
airline	PAL	PR	PHILIPPINE	Philippine	Philippine Airlines	Philippine Airlines,PR,PAL,PHILIPPINE	airline2026; rà soát 2026-09-18. Passenger; Active; tin cậy High. Ví dụ: PHILIPPINE ONE TWO THREE. https://www.icao.int/operational-safety/Designators-and-indicators	Philippines	High
airline	CEB	5J	CEBU	Cebu	Cebu Pacific	Cebu Pacific,5J,CEB,CEBU	airline2026; rà soát 2026-09-18. Passenger; Active; tin cậy High. Ví dụ: CEBU ONE TWO THREE. https://www.icao.int/operational-safety/Designators-and-indicators	Philippines	High
airline	APG	Z2	COOL RED	Cool Red	Philippines AirAsia	Philippines AirAsia,Z2,APG,COOL RED	airline2026; rà soát 2026-09-18. Passenger; Active; tin cậy High. Ví dụ: COOL RED ONE TWO THREE. https://www.icao.int/operational-safety/Designators-and-indicators	Philippines	High
airline	LAO	QV	LAO	Lao	Lao Airlines	Lao Airlines,QV,LAO	airline2026; rà soát 2026-09-18. Passenger; Active; tin cậy High. Ví dụ: LAO ONE TWO THREE. https://www.icao.int/operational-safety/Designators-and-indicators	Lào	High
airline	KHV	K6	CAMBODIA	Cambodia	Air Cambodia	Air Cambodia,K6,KHV,CAMBODIA AIR,CAMBODIA	airline2026; rà soát 2026-09-18. Passenger; Active; tin cậy High. Ví dụ: CAMBODIA ONE TWO THREE. https://www.icao.int/operational-safety/Designators-and-indicators	Campuchia	High
airline	KME	KR	GIANT	Giant	Cambodia Airways	Cambodia Airways,KR,KME,GIANT IBIS,GIANT	airline2026; rà soát 2026-09-18. Passenger; Active; tin cậy High. Ví dụ: GIANT ONE TWO THREE. https://www.icao.int/operational-safety/Designators-and-indicators	Campuchia	High
airline	KTC	KT	RED NAGA	Red Naga	AirAsia Cambodia	AirAsia Cambodia,KT,KTC,RED NAGA	airline2026; rà soát 2026-09-18. Passenger; Active; tin cậy Medium. Ví dụ: RED NAGA ONE TWO THREE. https://www.icao.int/operational-safety/Designators-and-indicators	Campuchia	Medium
airline	KAL	KE	KOREANAIR	Korean Air	Korean Air	Korean Air,KE,KAL,KOREANAIR	airline2026; rà soát 2026-09-18. Passenger; Active; tin cậy High. Ví dụ: KOREANAIR ONE TWO THREE. https://www.icao.int/operational-safety/Designators-and-indicators	Hàn Quốc	High
airline	AAR	OZ	ASIANA	Asiana	Asiana Airlines	Asiana Airlines,OZ,AAR,ASIANA	airline2026; rà soát 2026-09-18. Passenger; Active; tin cậy High. Ví dụ: ASIANA ONE TWO THREE. https://www.icao.int/operational-safety/Designators-and-indicators	Hàn Quốc	High
airline	JJA	7C	JEJU	Jeju	Jeju Air	Jeju Air,7C,JJA,JEJU	airline2026; rà soát 2026-09-18. Passenger; Active; tin cậy High. Ví dụ: JEJU AIR ONE TWO THREE. https://www.icao.int/operational-safety/Designators-and-indicators	Hàn Quốc	High
airline	JNA	LJ	JIN AIR	Jin Air	Jin Air	Jin Air,LJ,JNA	airline2026; rà soát 2026-09-18. Passenger; Active; tin cậy High. Ví dụ: JIN AIR ONE TWO THREE. https://www.icao.int/operational-safety/Designators-and-indicators	Hàn Quốc	High
airline	TWB	TW	TEEWAY	TeeWay	T'way Air	T'way Air,TW,TWB,TEEWAY	airline2026; rà soát 2026-09-18. Passenger; Active; tin cậy High. Ví dụ: TEEWAY ONE TWO THREE. https://www.icao.int/operational-safety/Designators-and-indicators	Hàn Quốc	High
airline	ABL	BX	AIR BUSAN	Air Busan	Air Busan	Air Busan,BX,ABL	airline2026; rà soát 2026-09-18. Passenger; Active; tin cậy High. Ví dụ: AIR BUSAN ONE TWO THREE. https://www.icao.int/operational-safety/Designators-and-indicators	Hàn Quốc	High
airline	ASV	RS	AIR SEOUL	Air Seoul	Air Seoul	Air Seoul,RS,ASV	airline2026; rà soát 2026-09-18. Passenger; Active; tin cậy High. Ví dụ: AIR SEOUL ONE TWO THREE. https://www.icao.int/operational-safety/Designators-and-indicators	Hàn Quốc	High
airline	ESR	ZE	EASTAR	Eastar	Eastar Jet	Eastar Jet,ZE,ESR,EASTAR	airline2026; rà soát 2026-09-18. Passenger; Active; tin cậy High. Ví dụ: EASTAR ONE TWO THREE. https://www.icao.int/operational-safety/Designators-and-indicators	Hàn Quốc	High
airline	EOK	RF	AEROHANGUK	Aero Hanguk	Aero K	Aero K,RF,EOK,AEROHANGUK	airline2026; rà soát 2026-09-18. Passenger; Active; tin cậy Medium. Ví dụ: AEROHANGUK ONE TWO THREE. https://www.icao.int/operational-safety/Designators-and-indicators	Hàn Quốc	Medium
airline	APZ	YP	AIR PREMIA	Air Premia	Air Premia	Air Premia,YP,APZ	airline2026; rà soát 2026-09-18. Passenger; Active; tin cậy High. Ví dụ: AIR PREMIA ONE TWO THREE. https://www.icao.int/operational-safety/Designators-and-indicators	Hàn Quốc	High
airline	JAL	JL	JAPANAIR	Japan Air	Japan Airlines	Japan Airlines,JL,JAL,JAPANAIR	airline2026; rà soát 2026-09-18. Passenger; Active; tin cậy High. Ví dụ: JAPANAIR ONE TWO THREE. https://www.icao.int/operational-safety/Designators-and-indicators	Nhật Bản	High
airline	ANA	NH	ALL NIPPON	All Nippon	ANA All Nippon Airways	ANA All Nippon Airways,NH,ANA,ALL NIPPON	airline2026; rà soát 2026-09-18. Passenger; Active; tin cậy High. Ví dụ: ALL NIPPON ONE TWO THREE. https://www.icao.int/operational-safety/Designators-and-indicators	Nhật Bản	High
airline	CSN	CZ	CHINA SOUTHERN	China Southern	China Southern Airlines	China Southern Airlines,CZ,CSN,CHINA SOUTHERN	airline2026; rà soát 2026-09-18. Passenger; Active; tin cậy High. Ví dụ: CHINA SOUTHERN ONE TWO THREE. https://www.icao.int/operational-safety/Designators-and-indicators	Trung Quốc	High
airline	CES	MU	CHINA EASTERN	China Eastern	China Eastern Airlines	China Eastern Airlines,MU,CES,CHINA EASTERN	airline2026; rà soát 2026-09-18. Passenger; Active; tin cậy High. Ví dụ: CHINA EASTERN ONE TWO THREE. https://www.icao.int/operational-safety/Designators-and-indicators	Trung Quốc	High
airline	CCA	CA	AIR CHINA	Air China	Air China	Air China,CA,CCA	airline2026; rà soát 2026-09-18. Passenger; Active; tin cậy High. Ví dụ: AIR CHINA ONE TWO THREE. https://www.icao.int/operational-safety/Designators-and-indicators	Trung Quốc	High
airline	CSZ	ZH	SHENZHEN	Shenzhen	Shenzhen Airlines	Shenzhen Airlines,ZH,CSZ,SHENZHEN AIR,SHENZHEN	airline2026; rà soát 2026-09-18. Passenger; Active; tin cậy High. Ví dụ: SHENZHEN ONE TWO THREE. https://www.icao.int/operational-safety/Designators-and-indicators	Trung Quốc	High
airline	CXA	MF	XIAMEN	Xiamen	Xiamen Airlines	Xiamen Airlines,MF,CXA,XIAMEN AIR,XIAMEN	airline2026; rà soát 2026-09-18. Passenger; Active; tin cậy High. Ví dụ: XIAMEN ONE TWO THREE. https://www.icao.int/operational-safety/Designators-and-indicators	Trung Quốc	High
airline	CSC	3U	SICHUAN	Sichuan	Sichuan Airlines	Sichuan Airlines,3U,CSC,SICHUAN	airline2026; rà soát 2026-09-18. Passenger; Active; tin cậy High. Ví dụ: SICHUAN ONE TWO THREE. https://www.icao.int/operational-safety/Designators-and-indicators	Trung Quốc	High
airline	DKH	HO	AIR JUNEYAO	Air Juneyao	Juneyao Airlines	Juneyao Airlines,HO,DKH,AIR JUNEYAO	airline2026; rà soát 2026-09-18. Passenger; Active; tin cậy High. Ví dụ: AIR JUNEYAO ONE TWO THREE. https://www.icao.int/operational-safety/Designators-and-indicators	Trung Quốc	High
airline	CDG	SC	SHANDONG	Shandong	Shandong Airlines	Shandong Airlines,SC,CDG,SHANDONG	airline2026; rà soát 2026-09-18. Passenger; Active; tin cậy High. Ví dụ: SHANDONG ONE TWO THREE. https://www.icao.int/operational-safety/Designators-and-indicators	Trung Quốc	High
airline	CHH	HU	HAINAN	Hainan	Hainan Airlines	Hainan Airlines,HU,CHH,HAINAN	airline2026; rà soát 2026-09-18. Passenger; Active; tin cậy High. Ví dụ: HAINAN ONE TWO THREE. https://www.icao.int/operational-safety/Designators-and-indicators	Trung Quốc	High
airline	CQH	9C	AIR SPRING	Air Spring	Spring Airlines	Spring Airlines,9C,CQH,AIR SPRING	airline2026; rà soát 2026-09-18. Passenger; Active; tin cậy High. Ví dụ: AIR SPRING ONE TWO THREE. https://www.icao.int/operational-safety/Designators-and-indicators	Trung Quốc	High
airline	RLH	DR	SENDI	Sendi	Ruili Airlines	Ruili Airlines,DR,RLH,SENDI	airline2026; rà soát 2026-09-18. Passenger; Active; tin cậy High. Ví dụ: SENDI ONE TWO THREE. https://www.icao.int/operational-safety/Designators-and-indicators	Trung Quốc	High
airline	CBG	GX	GREEN CITY	Green City	GX Airlines	GX Airlines,GX,CBG,GREEN CITY	airline2026; rà soát 2026-09-18. Passenger; Active; tin cậy Medium. Ví dụ: GREEN CITY ONE TWO THREE. https://www.icao.int/operational-safety/Designators-and-indicators	Trung Quốc	Medium
airline	UEA	EU	UNITED EAGLE	United Eagle	Chengdu Airlines	Chengdu Airlines,EU,UEA,UNITED EAGLE	airline2026; rà soát 2026-09-18. Passenger; Active; tin cậy High. Ví dụ: UNITED EAGLE ONE TWO THREE. https://www.icao.int/operational-safety/Designators-and-indicators	Trung Quốc	High
airline	QDA	QW	SKY LEGEND	Sky Legend	Qingdao Airlines	Qingdao Airlines,QW,QDA,SKY LEGEND	airline2026; rà soát 2026-09-18. Passenger; Active; tin cậy Medium. Ví dụ: SKY LEGEND ONE TWO THREE. https://www.icao.int/operational-safety/Designators-and-indicators	Trung Quốc	Medium
airline	LKE	8L	LUCKY AIR	Lucky Air	Lucky Air	Lucky Air,8L,LKE	airline2026; rà soát 2026-09-18. Passenger; Active; tin cậy High. Ví dụ: LUCKY AIR ONE TWO THREE. https://www.icao.int/operational-safety/Designators-and-indicators	Trung Quốc	High
airline	CHB	PN	WEST CHINA	West China	West Air (China)	West Air (China),PN,CHB,WEST CHINA	airline2026; rà soát 2026-09-18. Passenger; Active; tin cậy High. Ví dụ: WEST CHINA ONE TWO THREE. https://www.icao.int/operational-safety/Designators-and-indicators	Trung Quốc	High
airline	CGZ	GY	COLORFUL	Colorful	Colorful Guizhou Airlines	Colorful Guizhou Airlines,GY,CGZ,COLORFUL	airline2026; rà soát 2026-09-18. Passenger; Active; tin cậy Medium. Ví dụ: COLORFUL ONE TWO THREE. https://www.icao.int/operational-safety/Designators-and-indicators	Trung Quốc	Medium
airline	TBA	TV	TIBET	Tibet	Tibet Airlines	Tibet Airlines,TV,TBA,TIBET	airline2026; rà soát 2026-09-18. Passenger; Route/status at Vietnam to verify; tin cậy Medium. Ví dụ: TIBET ONE TWO THREE. https://www.icao.int/operational-safety/Designators-and-indicators	Trung Quốc	Medium
airline	CPA	CX	CATHAY	Cathay	Cathay Pacific	Cathay Pacific,CX,CPA,CATHAY	airline2026; rà soát 2026-09-18. Passenger; Active; tin cậy High. Ví dụ: CATHAY ONE TWO THREE. https://www.icao.int/operational-safety/Designators-and-indicators	Hong Kong	High
airline	CRK	HX	BAUHINIA	Bauhinia	Hong Kong Airlines	Hong Kong Airlines,HX,CRK,BAUHINIA	airline2026; rà soát 2026-09-18. Passenger; Active; tin cậy High. Ví dụ: BAUHINIA ONE TWO THREE. https://www.icao.int/operational-safety/Designators-and-indicators	Hong Kong	High
airline	HKE	UO	HONGKONG SHUTTLE	Hongkong Shuttle	HK Express	HK Express,UO,HKE,HONGKONG SHUTTLE	airline2026; rà soát 2026-09-18. Passenger; Active; tin cậy High. Ví dụ: HONGKONG SHUTTLE ONE TWO THREE. https://www.icao.int/operational-safety/Designators-and-indicators	Hong Kong	High
airline	AMU	NX	AIR MACAU	Air Macau	Air Macau	Air Macau,NX,AMU	airline2026; rà soát 2026-09-18. Passenger; Active; tin cậy High. Ví dụ: AIR MACAU ONE TWO THREE. https://www.icao.int/operational-safety/Designators-and-indicators	Macao	High
airline	EVA	BR	EVA	Eva	EVA Air	EVA Air,BR,EVA	airline2026; rà soát 2026-09-18. Passenger; Active; tin cậy High. Ví dụ: EVA ONE TWO THREE. https://www.icao.int/operational-safety/Designators-and-indicators	Đài Loan	High
airline	CAL	CI	DYNASTY	Dynasty	China Airlines	China Airlines,CI,CAL,DYNASTY	airline2026; rà soát 2026-09-18. Passenger; Active; tin cậy High. Ví dụ: DYNASTY ONE TWO THREE. https://www.icao.int/operational-safety/Designators-and-indicators	Đài Loan	High
airline	SJX	JX	STARWALKER	Starwalker	STARLUX Airlines	STARLUX Airlines,JX,SJX,STARWALKER	airline2026; rà soát 2026-09-18. Passenger; Active; tin cậy High. Ví dụ: STARWALKER ONE TWO THREE. https://www.icao.int/operational-safety/Designators-and-indicators	Đài Loan	High
airline	TTW	IT	SMART CAT	Smart Cat	Tigerair Taiwan	Tigerair Taiwan,IT,TTW,SMART CAT	airline2026; rà soát 2026-09-18. Passenger; Active; tin cậy High. Ví dụ: SMART CAT ONE TWO THREE. https://www.icao.int/operational-safety/Designators-and-indicators	Đài Loan	High
airline	MDA	AE	MANDARIN	Mandarin	Mandarin Airlines	Mandarin Airlines,AE,MDA,MANDARIN	airline2026; rà soát 2026-09-18. Passenger; Active; tin cậy High. Ví dụ: MANDARIN ONE TWO THREE. https://www.icao.int/operational-safety/Designators-and-indicators	Đài Loan	High
airline	AIC	AI	AIR INDIA	Air India	Air India	Air India,AI,AIC	airline2026; rà soát 2026-09-18. Passenger; Active; tin cậy High. Ví dụ: AIR INDIA ONE TWO THREE. https://www.icao.int/operational-safety/Designators-and-indicators	Ấn Độ	High
airline	IGO	6E	IFLY	Ifly	IndiGo	IndiGo,6E,IGO,IFLY	airline2026; rà soát 2026-09-18. Passenger; Active; tin cậy High. Ví dụ: IFLY ONE TWO THREE. https://www.icao.int/operational-safety/Designators-and-indicators	Ấn Độ	High
airline	AKJ	QP	AKASA AIR	Akasa Air	Akasa Air	Akasa Air,QP,AKJ	airline2026; rà soát 2026-09-18. Passenger; Active; tin cậy Medium. Ví dụ: AKASA AIR ONE TWO THREE. https://www.icao.int/operational-safety/Designators-and-indicators	Ấn Độ	Medium
airline	UAE	EK	EMIRATES	Emirates	Emirates	Emirates,EK,UAE	airline2026; rà soát 2026-09-18. Passenger; Active; tin cậy High. Ví dụ: EMIRATES ONE TWO THREE. https://www.icao.int/operational-safety/Designators-and-indicators	UAE	High
airline	ETD	EY	ETIHAD	Etihad	Etihad Airways	Etihad Airways,EY,ETD,ETIHAD	airline2026; rà soát 2026-09-18. Passenger; Active; tin cậy High. Ví dụ: ETIHAD ONE TWO THREE. https://www.icao.int/operational-safety/Designators-and-indicators	UAE	High
airline	QTR	QR	QATARI	Qatari	Qatar Airways	Qatar Airways,QR,QTR,QATARI	airline2026; rà soát 2026-09-18. Passenger; Active; tin cậy High. Ví dụ: QATARI ONE TWO THREE. https://www.icao.int/operational-safety/Designators-and-indicators	Qatar	High
airline	THY	TK	TURKISH	Turkish	Turkish Airlines	Turkish Airlines,TK,THY,TURKISH	airline2026; rà soát 2026-09-18. Passenger; Active; tin cậy High. Ví dụ: TURKISH ONE TWO THREE. https://www.icao.int/operational-safety/Designators-and-indicators	Thổ Nhĩ Kỳ	High
airline	AFR	AF	AIRFRANS	AirFrans	Air France	Air France,AF,AFR,AIRFRANS	airline2026; rà soát 2026-09-18. Passenger; Active; tin cậy High. Ví dụ: AIRFRANS ONE TWO THREE. https://www.icao.int/operational-safety/Designators-and-indicators	Pháp	High
airline	LOT	LO	LOT	Lot	LOT Polish Airlines	LOT Polish Airlines,LO,LOT	airline2026; rà soát 2026-09-18. Passenger; Active / seasonal possible; tin cậy High. Ví dụ: LOT ONE TWO THREE. https://www.icao.int/operational-safety/Designators-and-indicators	Ba Lan	High
airline	AFL	SU	AEROFLOT	Aeroflot	Aeroflot	Aeroflot,SU,AFL	airline2026; rà soát 2026-09-18. Passenger; Active; tin cậy High. Ví dụ: AEROFLOT ONE TWO THREE. https://www.icao.int/operational-safety/Designators-and-indicators	Nga	High
airline	AZV	ZF	AZUR AIR	Azur Air	Azur Air	Azur Air,ZF,AZV	airline2026; rà soát 2026-09-18. Passenger/Charter; Active / seasonal-charter possible; tin cậy High. Ví dụ: AZUR AIR ONE TWO THREE. https://www.icao.int/operational-safety/Designators-and-indicators	Nga	High
airline	IAE	IO	IRAERO	Iraero	IrAero	IrAero,IO,IAE	airline2026; rà soát 2026-09-18. Passenger; Active / seasonal possible; tin cậy High. Ví dụ: IRAERO ONE TWO THREE. https://www.icao.int/operational-safety/Designators-and-indicators	Nga	High
airline	BRU	B2	BELARUS AVIA	Belarus Avia	Belavia	Belavia,B2,BRU,BELARUS AVIA	airline2026; rà soát 2026-09-18. Passenger; Active / seasonal possible; tin cậy High. Ví dụ: BELARUS AVIA ONE TWO THREE. https://www.icao.int/operational-safety/Designators-and-indicators	Belarus	High
airline	AIZ	IZ	ARKIA	Arkia	Arkia	Arkia,IZ,AIZ	airline2026; rà soát 2026-09-18. Passenger; Active / seasonal possible; tin cậy High. Ví dụ: ARKIA ONE TWO THREE. https://www.icao.int/operational-safety/Designators-and-indicators	Israel	High
airline	KZR	KC	ASTANALINE	Astanaline	Air Astana	Air Astana,KC,KZR,ASTANALINE	airline2026; rà soát 2026-09-18. Passenger; Active / seasonal possible; tin cậy High. Ví dụ: ASTANALINE ONE TWO THREE. https://www.icao.int/operational-safety/Designators-and-indicators	Kazakhstan	High
airline	UZB	HY	UZBEK	Uzbek	Uzbekistan Airways	Uzbekistan Airways,HY,UZB,UZBEK	airline2026; rà soát 2026-09-18. Passenger; Active; tin cậy High. Ví dụ: UZBEK ONE TWO THREE. https://www.icao.int/operational-safety/Designators-and-indicators	Uzbekistan	High
airline	QNT	HH	SHARQ	Sharq	Qanot Sharq	Qanot Sharq,HH,QNT,SHARQ	airline2026; rà soát 2026-09-18. Passenger; Active; tin cậy Medium. Ví dụ: SHARQ ONE TWO THREE. https://www.icao.int/operational-safety/Designators-and-indicators	Uzbekistan	Medium
airline	MFX	C6	WHITEBIRD	Whitebird	Centrum Air	Centrum Air,C6,MFX,WHITEBIRD	airline2026; rà soát 2026-09-18. Passenger; Active; tin cậy Medium. Ví dụ: WHITEBIRD ONE TWO THREE. https://www.icao.int/operational-safety/Designators-and-indicators	Uzbekistan	Medium
airline	TUA	T5	TURKMENISTAN	Turkmenistan	Turkmenistan Airlines	Turkmenistan Airlines,T5,TUA,TURKMENISTAN	airline2026; rà soát 2026-09-18. Passenger; Active / seasonal possible; tin cậy High. Ví dụ: TURKMENISTAN ONE TWO THREE. https://www.icao.int/operational-safety/Designators-and-indicators	Turkmenistan	High
airline	MGL	OM	MONGOL AIR	Mongol Air	MIAT Mongolian Airlines	MIAT Mongolian Airlines,OM,MGL,MONGOL AIR	airline2026; rà soát 2026-09-18. Passenger; Active / seasonal possible; tin cậy High. Ví dụ: MONGOL AIR ONE TWO THREE. https://www.icao.int/operational-safety/Designators-and-indicators	Mông Cổ	High
airline	UAL	UA	UNITED	United	United Airlines	United Airlines,UA,UAL,UNITED	airline2026; rà soát 2026-09-18. Passenger; Active; tin cậy High. Ví dụ: UNITED ONE TWO THREE. https://www.icao.int/operational-safety/Designators-and-indicators	Hoa Kỳ	High
airline	JST	JQ	JETSTAR	Jetstar	Jetstar Airways	Jetstar Airways,JQ,JST,JETSTAR	airline2026; rà soát 2026-09-18. Passenger; Active; tin cậy High. Ví dụ: JETSTAR ONE TWO THREE. https://www.icao.int/operational-safety/Designators-and-indicators	Úc	High
airline	RBA	BI	BRUNEI	Brunei	Royal Brunei Airlines	Royal Brunei Airlines,BI,RBA,BRUNEI	airline2026; rà soát 2026-09-18. Passenger; Active; tin cậy High. Ví dụ: BRUNEI ONE TWO THREE. https://www.icao.int/operational-safety/Designators-and-indicators	Brunei	High
airline	ETH	ET	ETHIOPIAN	Ethiopian	Ethiopian Airlines	Ethiopian Airlines,ET,ETH,ETHIOPIAN	airline2026; rà soát 2026-09-18. Passenger; Active; tin cậy High. Ví dụ: ETHIOPIAN ONE TWO THREE. https://www.icao.int/operational-safety/Designators-and-indicators	Ethiopia	High
airline	TOM	BY	TOMJET	Tomjet	TUI Airways	TUI Airways,BY,TOM,TOMJET	airline2026; rà soát 2026-09-18. Charter/Passenger; Seasonal / charter possible; tin cậy High. Ví dụ: TOMJET ONE TWO THREE. https://www.icao.int/operational-safety/Designators-and-indicators	Vương quốc Anh	High
airline	KMI	8K	KAY-MILE AIR	Kay-mile Air	K-Mile Air	K-Mile Air,8K,KMI,KAY-MILE AIR	airline2026; rà soát 2026-09-18. Cargo; Regular cargo / verify current route; tin cậy Medium. Ví dụ: KAY-MILE AIR ONE TWO THREE. https://www.icao.int/operational-safety/Designators-and-indicators	Thái Lan	Medium
airline	CSS	O3	SHUN FENG	Shun Feng	SF Airlines	SF Airlines,O3,CSS,SHUN FENG	airline2026; rà soát 2026-09-18. Cargo; Regular cargo / verify current route; tin cậy High. Ví dụ: SHUN FENG ONE TWO THREE. https://www.icao.int/operational-safety/Designators-and-indicators	Trung Quốc	High
airline	YZR	Y8	YANGTZE RIVER	Yangtze River	Suparna Airlines	Suparna Airlines,Y8,YZR,YANGTZE RIVER	airline2026; rà soát 2026-09-18. Cargo/Passenger; Regular cargo / verify current route; tin cậy High. Ví dụ: YANGTZE RIVER ONE TWO THREE. https://www.icao.int/operational-safety/Designators-and-indicators	Trung Quốc	High
airline	CYZ	CF	CHINA POST	China Post	China Postal Airlines	China Postal Airlines,CF,CYZ,CHINA POST	airline2026; rà soát 2026-09-18. Cargo; Regular cargo / verify current route; tin cậy High. Ví dụ: CHINA POST ONE TWO THREE. https://www.icao.int/operational-safety/Designators-and-indicators	Trung Quốc	High
airline	FDX	FX	FEDEX	Fedex	FedEx Express	FedEx Express,FX,FDX,FEDEX	airline2026; rà soát 2026-09-18. Cargo; Regular cargo / overflight/airport activity; tin cậy High. Ví dụ: FEDEX ONE TWO THREE. https://www.icao.int/operational-safety/Designators-and-indicators	Hoa Kỳ	High
airline	UPS	5X	UPS	Ups	UPS Airlines	UPS Airlines,5X,UPS	airline2026; rà soát 2026-09-18. Cargo; Regular cargo / overflight/airport activity; tin cậy High. Ví dụ: UPS ONE TWO THREE. https://www.icao.int/operational-safety/Designators-and-indicators	Hoa Kỳ	High
airline	CLX	CV	CARGOLUX	Cargolux	Cargolux	Cargolux,CV,CLX	airline2026; rà soát 2026-09-18. Cargo; Regular cargo / overflight possible; tin cậy High. Ví dụ: CARGOLUX ONE TWO THREE. https://www.icao.int/operational-safety/Designators-and-indicators	Luxembourg	High
station			TSN TOWER	TSN Tower	Đài Tân Sơn Nhất	sai gon tower,saigon,saigon tower,tan son nhat,tan son nhat tower,sona tower,tsn tower	"TWR VVTS / 118.7; radio đọc TSN Tower"		
station			NOI BAI TOWER	Noi Bai Tower	Đài Nội Bài	noi bai,noy bai,noibai tower,ha noi tower	TWR VVNB		
station			DANANG TOWER	Danang Tower	Đài Đà Nẵng	da nang tower,danang	TWR VVDN		
station			CAM RANH TOWER	Cam Ranh Tower	Đài Cam Ranh	cam ranh,nha trang tower	TWR VVCR		
station			PHU QUOC TOWER	Phu Quoc Tower	Đài Phú Quốc	phu quoc tower,phuquoc	TWR VVPQ		
station			CAT BI TOWER	Cat Bi Tower	Đài Cát Bi	cat bi,hai phong tower	TWR VVCI		
station			SAIGON APPROACH	Saigon Approach	Tiếp cận Tân Sơn Nhất	sai gon approach,saigon arrival,saigon director	APP VVTS		
station			NOI BAI APPROACH	Noi Bai Approach	Tiếp cận Nội Bài	noi bai approach,hanoi approach	APP VVNB		
